forecast_step,week_start,store_id,cat_id,predicted_units_sold,predicted_units_sold_rounded
1,2016-05-23,CA_1,FOODS,22027.554523809526,22028
1,2016-05-23,CA_1,HOBBIES,3825.9401746031745,3826
1,2016-05-23,CA_1,HOUSEHOLD,6898.858846560849,6899
1,2016-05-23,CA_2,FOODS,21907.345634920635,21907
1,2016-05-23,CA_2,HOBBIES,3138.0569444444445,3138
1,2016-05-23,CA_2,HOUSEHOLD,8342.886222222221,8343
1,2016-05-23,CA_3,FOODS,26136.650955026456,26137
1,2016-05-23,CA_3,HOBBIES,4101.710716931216,4102
1,2016-05-23,CA_3,HOUSEHOLD,12437.816492063492,12438
1,2016-05-23,CA_4,FOODS,13128.620291005293,13129
1,2016-05-23,CA_4,HOBBIES,2825.5779682539683,2826
1,2016-05-23,CA_4,HOUSEHOLD,4098.999351851851,4099
1,2016-05-23,TX_1,FOODS,15146.079037037036,15146
1,2016-05-23,TX_1,HOBBIES,2094.7592460317464,2095
1,2016-05-23,TX_1,HOUSEHOLD,6722.67406084656,6723
1,2016-05-23,TX_2,FOODS,18854.534547619045,18855
1,2016-05-23,TX_2,HOBBIES,2883.96538095238,2884
1,2016-05-23,TX_2,HOUSEHOLD,6914.935899470902,6915
1,2016-05-23,TX_3,FOODS,18469.454563492054,18469
1,2016-05-23,TX_3,HOBBIES,2904.899595238096,2905
1,2016-05-23,TX_3,HOUSEHOLD,6971.735513227513,6972
1,2016-05-23,WI_1,FOODS,18617.308619047613,18617
1,2016-05-23,WI_1,HOBBIES,2918.1084841269844,2918
1,2016-05-23,WI_1,HOUSEHOLD,5436.202325637324,5436
1,2016-05-23,WI_2,FOODS,23668.092650793642,23668
1,2016-05-23,WI_2,HOBBIES,2052.4181269841283,2052
1,2016-05-23,WI_2,HOUSEHOLD,7635.312682539682,7635
1,2016-05-23,WI_3,FOODS,18394.49179365079,18394
1,2016-05-23,WI_3,HOBBIES,2017.209690476191,2017
1,2016-05-23,WI_3,HOUSEHOLD,5572.026074074073,5572
2,2016-05-30,CA_1,FOODS,21316.206373015877,21316
2,2016-05-30,CA_1,HOBBIES,3697.8213174603165,3698
2,2016-05-30,CA_1,HOUSEHOLD,6892.288772486772,6892
2,2016-05-30,CA_2,FOODS,21531.903650793654,21532
2,2016-05-30,CA_2,HOBBIES,3145.577373015873,3146
2,2016-05-30,CA_2,HOUSEHOLD,8346.853000000001,8347
2,2016-05-30,CA_3,FOODS,27588.017642857136,27588
2,2016-05-30,CA_3,HOBBIES,4224.829537518037,4225
2,2016-05-30,CA_3,HOUSEHOLD,12338.584026455026,12339
2,2016-05-30,CA_4,FOODS,13255.301603174605,13255
2,2016-05-30,CA_4,HOBBIES,2893.6850529100525,2894
2,2016-05-30,CA_4,HOUSEHOLD,4316.542203703704,4317
2,2016-05-30,TX_1,FOODS,14929.115497354498,14929
2,2016-05-30,TX_1,HOBBIES,2130.0921296296306,2130
2,2016-05-30,TX_1,HOUSEHOLD,6796.215317460318,6796
2,2016-05-30,TX_2,FOODS,18775.435730158722,18775
2,2016-05-30,TX_2,HOBBIES,2875.0250793650794,2875
2,2016-05-30,TX_2,HOUSEHOLD,6797.967793650793,6798
2,2016-05-30,TX_3,FOODS,19088.949455026457,19089
2,2016-05-30,TX_3,HOBBIES,2862.3163174603174,2862
2,2016-05-30,TX_3,HOUSEHOLD,7076.199587301587,7076
2,2016-05-30,WI_1,FOODS,19467.253359788363,19467
2,2016-05-30,WI_1,HOBBIES,2999.4238015873016,2999
2,2016-05-30,WI_1,HOUSEHOLD,5416.519542328043,5417
2,2016-05-30,WI_2,FOODS,29692.70592063493,29693
2,2016-05-30,WI_2,HOBBIES,2071.052785714287,2071
2,2016-05-30,WI_2,HOUSEHOLD,7350.249246031746,7350
2,2016-05-30,WI_3,FOODS,21335.03577777777,21335
2,2016-05-30,WI_3,HOBBIES,1966.9829179894184,1967
2,2016-05-30,WI_3,HOUSEHOLD,5815.113917989417,5815
3,2016-06-06,CA_1,FOODS,23087.409055555556,23087
3,2016-06-06,CA_1,HOBBIES,4052.806087301586,4053
3,2016-06-06,CA_1,HOUSEHOLD,6824.769507936509,6825
3,2016-06-06,CA_2,FOODS,21913.588626984132,21914
3,2016-06-06,CA_2,HOBBIES,3146.117396825397,3146
3,2016-06-06,CA_2,HOUSEHOLD,8794.191761904764,8794
3,2016-06-06,CA_3,FOODS,28684.506531746032,28685
3,2016-06-06,CA_3,HOBBIES,4173.469515873016,4173
3,2016-06-06,CA_3,HOUSEHOLD,12456.994216931218,12457
3,2016-06-06,CA_4,FOODS,13950.470984126987,13950
3,2016-06-06,CA_4,HOBBIES,2830.630074074075,2831
3,2016-06-06,CA_4,HOUSEHOLD,4251.552447089948,4252
3,2016-06-06,TX_1,FOODS,16649.142333333326,16649
3,2016-06-06,TX_1,HOBBIES,2023.3577619047626,2023
3,2016-06-06,TX_1,HOUSEHOLD,6790.340293650793,6790
3,2016-06-06,TX_2,FOODS,19483.03185714287,19483
3,2016-06-06,TX_2,HOBBIES,2904.3249682539686,2904
3,2016-06-06,TX_2,HOUSEHOLD,6814.486436507937,6814
3,2016-06-06,TX_3,FOODS,19987.036042328047,19987
3,2016-06-06,TX_3,HOBBIES,2895.164023809524,2895
3,2016-06-06,TX_3,HOUSEHOLD,7052.889783068785,7053
3,2016-06-06,WI_1,FOODS,21160.785410052908,21161
3,2016-06-06,WI_1,HOBBIES,2922.621992063492,2923
3,2016-06-06,WI_1,HOUSEHOLD,5449.324222222225,5449
3,2016-06-06,WI_2,FOODS,32540.547285714292,32541
3,2016-06-06,WI_2,HOBBIES,2029.31552910053,2029
3,2016-06-06,WI_2,HOUSEHOLD,7103.577589947089,7104
3,2016-06-06,WI_3,FOODS,23165.271047619044,23165
3,2016-06-06,WI_3,HOBBIES,2022.9910798460812,2023
3,2016-06-06,WI_3,HOUSEHOLD,5718.145050264551,5718
4,2016-06-13,CA_1,FOODS,22817.66738095238,22818
4,2016-06-13,CA_1,HOBBIES,3795.098288359788,3795
4,2016-06-13,CA_1,HOUSEHOLD,6825.678349206349,6826
4,2016-06-13,CA_2,FOODS,22064.114523809534,22064
4,2016-06-13,CA_2,HOBBIES,3185.2859285714294,3185
4,2016-06-13,CA_2,HOUSEHOLD,8838.473992063497,8838
4,2016-06-13,CA_3,FOODS,27251.51550793651,27252
4,2016-06-13,CA_3,HOBBIES,4229.912161856664,4230
4,2016-06-13,CA_3,HOUSEHOLD,12339.90076190476,12340
4,2016-06-13,CA_4,FOODS,13797.042179894182,13797
4,2016-06-13,CA_4,HOBBIES,2870.9258730158735,2871
4,2016-06-13,CA_4,HOUSEHOLD,4298.108301587302,4298
4,2016-06-13,TX_1,FOODS,16564.89976719577,16565
4,2016-06-13,TX_1,HOBBIES,2117.3332222222225,2117
4,2016-06-13,TX_1,HOUSEHOLD,6924.778976190478,6925
4,2016-06-13,TX_2,FOODS,19598.74097354497,19599
4,2016-06-13,TX_2,HOBBIES,2880.468111111111,2880
4,2016-06-13,TX_2,HOUSEHOLD,6806.294523809523,6806
4,2016-06-13,TX_3,FOODS,19673.257465608458,19673
4,2016-06-13,TX_3,HOBBIES,2900.057666666666,2900
4,2016-06-13,TX_3,HOUSEHOLD,7125.4148015873025,7125
4,2016-06-13,WI_1,FOODS,20289.16196560846,20289
4,2016-06-13,WI_1,HOBBIES,2965.9841507936508,2966
4,2016-06-13,WI_1,HOUSEHOLD,5467.852391534392,5468
4,2016-06-13,WI_2,FOODS,25583.26697089947,25583
4,2016-06-13,WI_2,HOBBIES,2033.405648148149,2033
4,2016-06-13,WI_2,HOUSEHOLD,7268.617634920636,7269
4,2016-06-13,WI_3,FOODS,21569.086351851856,21569
4,2016-06-13,WI_3,HOBBIES,1995.9558311688313,1996
4,2016-06-13,WI_3,HOUSEHOLD,5753.113552910053,5753
